Protocollo;Gruppo;DataOraIncidente;Localizzazione1;STRADA1;Localizzazione2;STRADA2;Strada02;Chilometrica;DaSpecificare;NaturaIncidente;particolaritastrade;TipoStrada;FondoStradale;Pavimentazione;Segnaletica;CondizioneAtmosferica;Traffico;Visibilita;Illuminazione;NUM_FERITI;NUM_RISERVATA;NUM_MORTI;NUM_ILLESI;Longitudine;Latitudine;Confermato;Progressivo;TipoVeicolo;StatoVeicolo;TipoPersona;Sesso;Tipolesione;Deceduto;DecedutoDopo;CinturaCascoUtilizzato;Airbag
1931749;15;04/01/2013 02:00;Strada Urbana;VIALE GUGLIELMO MARCONI;all'intersezione semaforizzata con;VIA PIETRO BLASERNA;VIA PIETRO BLASERNA;;;Scontro frontale/laterale DX fra veicoli in marcia;Incrocio;Due carreggiate;Asciutto;Asfaltata;Verticale ed orizzontale;Sereno;Scarso;Buona;Sufficiente;2;0;0;6;;;-1;2;Autovettura privata;In marcia / fermata / arresto;Passeggero;M;Illeso;0;;Utilizzato;Inesistente
1931749;15;04/01/2013 02:00;Strada Urbana;VIALE GUGLIELMO MARCONI;all'intersezione semaforizzata con;VIA PIETRO BLASERNA;VIA PIETRO BLASERNA;;;Scontro frontale/laterale DX fra veicoli in marcia;Incrocio;Due carreggiate;Asciutto;Asfaltata;Verticale ed orizzontale;Sereno;Scarso;Buona;Sufficiente;2;0;0;6;;;-1;2;Autovettura privata;In marcia / fermata / arresto;Passeggero;F;Rimandato;0;NON DECEDUTO;Utilizzato;Inesistente
1931749;15;04/01/2013 02:00;Strada Urbana;VIALE GUGLIELMO MARCONI;all'intersezione semaforizzata con;VIA PIETRO BLASERNA;VIA PIETRO BLASERNA;;;Scontro frontale/laterale DX fra veicoli in marcia;Incrocio;Due carreggiate;Asciutto;Asfaltata;Verticale ed orizzontale;Sereno;Scarso;Buona;Sufficiente;2;0;0;6;;;-1;2;Autovettura privata;In marcia / fermata / arresto;Passeggero;F;Illeso;0;;Utilizzato;Inesistente
1931749;15;04/01/2013 02:00;Strada Urbana;VIALE GUGLIELMO MARCONI;all'intersezione semaforizzata con;VIA PIETRO BLASERNA;VIA PIETRO BLASERNA;;;Scontro frontale/laterale DX fra veicoli in marcia;Incrocio;Due carreggiate;Asciutto;Asfaltata;Verticale ed orizzontale;Sereno;Scarso;Buona;Sufficiente;2;0;0;6;;;-1;2;Autovettura privata;In marcia / fermata / arresto;Passeggero;M;Illeso;0;;Utilizzato;Inesistente
1931751;11;03/01/2013 19:00;Strada Urbana;LARGO BEATO PLACIDO RICCARDI;all'intersezione semaforizzata con;VIA OSTIENSE;VIA OSTIENSE;;;Investimento di pedone;Intersezione semaforizzata;Due carreggiate;Asciutto;Asfaltata;Verticale ed orizzontale;Sereno;Scarso;Buona;Sufficiente;1;0;0;1;;;-1;;;;Pedone;M;Rimandato;0;NON DECEDUTO;;
1931751;11;03/01/2013 19:00;Strada Urbana;LARGO BEATO PLACIDO RICCARDI;all'intersezione semaforizzata con;VIA OSTIENSE;VIA OSTIENSE;;;Investimento di pedone;Intersezione semaforizzata;Due carreggiate;Asciutto;Asfaltata;Verticale ed orizzontale;Sereno;Scarso;Buona;Sufficiente;1;0;0;1;;;-1;1;Autovettura privata;In marcia / fermata / arresto;Conducente;F;Illeso;0;;Utilizzato;Inesistente
1931753;11;03/01/2013 08:30;Strada Urbana;VIALE DI TOR MARANCIA;all'intersezione con;VIALE CARLO TOMMASO ODESCALCHI;VIALE CARLO TOMMASO ODESCALCHI;;;Tamponamento;Intersezione semaforizzata;Due carreggiate;Asciutto;Asfaltata;Verticale ed orizzontale;Sereno;Scarso;Buona;Ore Diurne;0;0;0;2;;;-1;1;Motociclo a solo;In marcia / fermata / arresto;Conducente;F;Illeso;0;;Non accertato;Inesistente
1931753;11;03/01/2013 08:30;Strada Urbana;VIALE DI TOR MARANCIA;all'intersezione con;VIALE CARLO TOMMASO ODESCALCHI;VIALE CARLO TOMMASO ODESCALCHI;;;Tamponamento;Intersezione semaforizzata;Due carreggiate;Asciutto;Asfaltata;Verticale ed orizzontale;Sereno;Scarso;Buona;Ore Diurne;0;0;0;2;;;-1;2;Autovettura pubblica;In marcia / fermata / arresto;Conducente;M;Illeso;0;;Non accertato;Inesistente
1931754;1;03/01/2013 20:20;Strada Urbana;VIALE DELLE TERME DI CARACALLA;in corrispondenza;;del palo luce n. ;53;;Investimento di pedone;Rettilineo;Più di due carreggiate;Asciutto;Asfaltata;Assente;Sereno;Scarso;Insufficiente;Insufficiente;1;0;0;5;;;-1;;;;Pedone;M;Ricoverato;0;NON DECEDUTO;;
1931754;1;03/01/2013 20:20;Strada Urbana;VIALE DELLE TERME DI CARACALLA;in corrispondenza;;del palo luce n. ;53;;Investimento di pedone;Rettilineo;Più di due carreggiate;Asciutto;Asfaltata;Assente;Sereno;Scarso;Insufficiente;Insufficiente;1;0;0;5;;;-1;1;Autovettura privata;In marcia / fermata / arresto;Conducente;M;Illeso;0;;Utilizzato;Inesploso
1931754;1;03/01/2013 20:20;Strada Urbana;VIALE DELLE TERME DI CARACALLA;in corrispondenza;;del palo luce n. ;53;;Investimento di pedone;Rettilineo;Più di due carreggiate;Asciutto;Asfaltata;Assente;Sereno;Scarso;Insufficiente;Insufficiente;1;0;0;5;;;-1;1;Autovettura privata;In marcia / fermata / arresto;Passeggero;M;Illeso;0;;Non accertato;Inesistente
1931755;7;03/01/2013 11:00;Strada Urbana;PIAZZA DELLE PRIMULE;in prossimità;;del civico n. ;1;;Veicolo in marcia contro veicolo in sosta;Rettilineo;Una carreggiata a doppio senso;Asciutto;Asfaltata;Verticale ed orizzontale;Sereno;Scarso;Buona;Ore Diurne;0;0;0;2;;;-1;1;Autovettura privata;In marcia / fermata / arresto;Conducente;M;Illeso;0;;Non accertato;Inesistente
1931755;7;03/01/2013 11:00;Strada Urbana;PIAZZA DELLE PRIMULE;in prossimità;;del civico n. ;1;;Veicolo in marcia contro veicolo in sosta;Rettilineo;Una carreggiata a doppio senso;Asciutto;Asfaltata;Verticale ed orizzontale;Sereno;Scarso;Buona;Ore Diurne;0;0;0;2;;;-1;2;Autovettura privata;Sosta;Conducente;M;Illeso;0;;Non accertato;Inesistente
1931756;19;03/01/2013 12:30;Strada Urbana;GALLERIA GIOVANNI XXIII;da specificare;;;;inizio Galleria;Scontro frontale fra veicoli in marcia;Galleria illuminata;Una carreggiata a senso unico di marcia;Asciutto;Asfaltata;Orizzontale;Sereno;Normale;Buona;Sufficiente;0;0;0;1;;;-1;1;Autovettura privata;In marcia / fermata / arresto;Conducente;F;Illeso;0;;Non accertato;Inesistente
1931757;11;03/01/2013 11:30;Strada Urbana;VIA ATTILIO AMBROSINI;in corrispondenza;;del civico n. ;5;;Veicolo in marcia contro veicolo in sosta;Rettilineo;Due carreggiate;Asciutto;Asfaltata;Orizzontale;Sereno;Normale;Buona;Ore Diurne;0;0;0;2;;;-1;1;Autovettura privata;Sosta;Passeggero;;Illeso;0;;Non accertato;
1931757;11;03/01/2013 11:30;Strada Urbana;VIA ATTILIO AMBROSINI;in corrispondenza;;del civico n. ;5;;Veicolo in marcia contro veicolo in sosta;Rettilineo;Due carreggiate;Asciutto;Asfaltata;Orizzontale;Sereno;Normale;Buona;Ore Diurne;0;0;0;2;;;-1;2;Autovettura privata;In marcia / fermata / arresto;Conducente;M;Illeso;0;;Non accertato;Inesistente
1931758;10;03/01/2013 08:25;Strada Urbana;PIAZZA QUINTO CURZIO;all'intersezione con;VIA QUINTO PUBLICIO;VIA QUINTO PUBLICIO;;;Scontro frontale/laterale DX fra veicoli in marcia;Rotatoria;Due carreggiate;Asciutto;Asfaltata;Verticale ed orizzontale;Sereno;Normale;Buona;Ore Diurne;1;0;0;2;;;-1;1;Autovettura privata;In marcia / fermata / arresto;Conducente;F;Rimandato;0;NON DECEDUTO;Non accertato;Inesistente
1931758;10;03/01/2013 08:25;Strada Urbana;PIAZZA QUINTO CURZIO;all'intersezione con;VIA QUINTO PUBLICIO;VIA QUINTO PUBLICIO;;;Scontro frontale/laterale DX fra veicoli in marcia;Rotatoria;Due carreggiate;Asciutto;Asfaltata;Verticale ed orizzontale;Sereno;Normale;Buona;Ore Diurne;1;0;0;2;;;-1;2;Autovettura pubblica;In marcia / fermata / arresto;Conducente;M;Illeso;0;;Non accertato;Inesploso
1931758;10;03/01/2013 08:25;Strada Urbana;PIAZZA QUINTO CURZIO;all'intersezione con;VIA QUINTO PUBLICIO;VIA QUINTO PUBLICIO;;;Scontro frontale/laterale DX fra veicoli in marcia;Rotatoria;Due carreggiate;Asciutto;Asfaltata;Verticale ed orizzontale;Sereno;Normale;Buona;Ore Diurne;1;0;0;2;;;-1;2;Autovettura pubblica;In marcia / fermata / arresto;Passeggero;F;Illeso;0;;Non accertato;Inesistente
1931759;8;03/01/2013 20:30;Strada Urbana;VIA DI PASSOLOMBARDO;in prossimità;;del civico n. ;314;;Veicolo in marcia contro ostacolo fisso;Rettilineo;Due carreggiate;Asciutto;Asfaltata;Verticale ed orizzontale;Sereno;Scarso;Insufficiente;Inesistente;0;0;0;2;;;-1;1;Autovettura privata;In marcia / fermata / arresto;Conducente;M;Illeso;0;;Non accertato;Inesistente
1931759;8;03/01/2013 20:30;Strada Urbana;VIA DI PASSOLOMBARDO;in prossimità;;del civico n. ;314;;Veicolo in marcia contro ostacolo fisso;Rettilineo;Due carreggiate;Asciutto;Asfaltata;Verticale ed orizzontale;Sereno;Scarso;Insufficiente;Inesistente;0;0;0;2;;;-1;1;Autovettura privata;In marcia / fermata / arresto;Passeggero;F;Illeso;0;;Non accertato;Inesistente
1931760;1;03/01/2013 17:15;Strada Urbana;VIA LUIGI PIANCIANI;in prossimità;;del civico n. ;16;;Veicolo in marcia contro veicolo in sosta;Rettilineo;Una carreggiata a senso unico di marcia;Asciutto;Asfaltata;Verticale;Sereno;Scarso;Sufficiente;Sufficiente;0;0;0;2;;;-1;1;Autovettura privata;In marcia / fermata / arresto;Conducente;F;Illeso;0;;Non accertato;Inesistente
1931760;1;03/01/2013 17:15;Strada Urbana;VIA LUIGI PIANCIANI;in prossimità;;del civico n. ;16;;Veicolo in marcia contro veicolo in sosta;Rettilineo;Una carreggiata a senso unico di marcia;Asciutto;Asfaltata;Verticale;Sereno;Scarso;Sufficiente;Sufficiente;0;0;0;2;;;-1;1;Autovettura privata;In marcia / fermata / arresto;Passeggero;F;Illeso;0;;Non accertato;Inesistente
1931761;5;03/01/2013 08:25;Strada Urbana;VIALE KANT;all'intersezione semaforizzata con;VIA SPINOZA;VIA SPINOZA;;;Scontro frontale/laterale SX fra veicoli in marcia;Incrocio;Due carreggiate;Asciutto;Asfaltata;Verticale ed orizzontale;Sereno;Normale;Buona;Ore Diurne;1;0;0;2;;;-1;1;Autovettura privata;In marcia / fermata / arresto;Conducente;M;Illeso;0;;Non accertato;Inesistente
1931761;5;03/01/2013 08:25;Strada Urbana;VIALE KANT;all'intersezione semaforizzata con;VIA SPINOZA;VIA SPINOZA;;;Scontro frontale/laterale SX fra veicoli in marcia;Incrocio;Due carreggiate;Asciutto;Asfaltata;Verticale ed orizzontale;Sereno;Normale;Buona;Ore Diurne;1;0;0;2;;;-1;1;Autovettura privata;In marcia / fermata / arresto;Passeggero;F;Rimandato;0;NON DECEDUTO;Non accertato;Inesistente
1931761;5;03/01/2013 08:25;Strada Urbana;VIALE KANT;all'intersezione semaforizzata con;VIA SPINOZA;VIA SPINOZA;;;Scontro frontale/laterale SX fra veicoli in marcia;Incrocio;Due carreggiate;Asciutto;Asfaltata;Verticale ed orizzontale;Sereno;Normale;Buona;Ore Diurne;1;0;0;2;;;-1;2;Autovettura privata;In marcia / fermata / arresto;Conducente;F;Illeso;0;;Non accertato;Inesistente
1931762;8;03/01/2013 12:30;Strada Urbana;VIA GIOVANNI CICALI;all'intersezione con;VIA GUSTAVO COLONNETTI;VIA GUSTAVO COLONNETTI;;;Veicolo in marcia contro ostacolo fisso;Intersezione stradale segnalata;Due carreggiate;Asciutto;Asfaltata;Verticale ed orizzontale;Sereno;Normale;Buona;Ore Diurne;1;0;0;0;;;-1;1;Autovettura privata;In marcia / fermata / arresto;Conducente;F;Rifiuta cure immediate;0;NON DECEDUTO;Non accertato;Inesistente
1931763;10;03/01/2013 07:35;Strada Urbana;VIA DEL PONTE DELLE SETTE MIGLIA;all'intersezione con;VIA SALVATORE BARZILAI;VIA SALVATORE BARZILAI;;;Scontro frontale/laterale DX fra veicoli in marcia;Incrocio;Una carreggiata a doppio senso;Asciutto;Asfaltata;Assente;Sereno;Scarso;Buona;Ore Diurne;0;0;0;2;;;-1;1;Autovettura privata;In marcia / fermata / arresto;Conducente;F;Illeso;0;;Non accertato;Inesploso
1931763;10;03/01/2013 07:35;Strada Urbana;VIA DEL PONTE DELLE SETTE MIGLIA;all'intersezione con;VIA SALVATORE BARZILAI;VIA SALVATORE BARZILAI;;;Scontro frontale/laterale DX fra veicoli in marcia;Incrocio;Una carreggiata a doppio senso;Asciutto;Asfaltata;Assente;Sereno;Scarso;Buona;Ore Diurne;0;0;0;2;;;-1;2;Autovettura privata;In marcia / fermata / arresto;Conducente;M;Illeso;0;;Non accertato;Inesploso
1931765;10;03/01/2013 20:15;Strada Urbana;VIA DEL PONTE DELLE SETTE MIGLIA;all'intersezione con;VIA LEOPOLDO MICUCCI;VIA LEOPOLDO MICUCCI;;;Scontro frontale/laterale SX fra veicoli in marcia;Incrocio;Una carreggiata a doppio senso;Asciutto;Asfaltata;Verticale ed orizzontale;Sereno;Normale;Buona;Sufficiente;1;0;0;0;;;-1;1;Autovettura privata;In marcia / fermata / arresto;Conducente;F;Rimandato;0;NON DECEDUTO;Non accertato;Inesistente
1931766;8;03/01/2013 12:40;Provinciale entro l'abitato;VIA PRENESTINA;all'intersezione con;VIA GROTTAMINARDA;VIA GROTTAMINARDA;;;Scontro frontale/laterale SX fra veicoli in marcia;Intersezione stradale segnalata;Una carreggiata a doppio senso;Asciutto;Asfaltata;Verticale ed orizzontale;Sereno;Normale;Sufficiente;Ore Diurne;0;0;0;2;;;-1;1;Autovettura privata;In marcia / fermata / arresto;Conducente;F;Illeso;0;;Utilizzato;Inesistente
1931766;8;03/01/2013 12:40;Provinciale entro l'abitato;VIA PRENESTINA;all'intersezione con;VIA GROTTAMINARDA;VIA GROTTAMINARDA;;;Scontro frontale/laterale SX fra veicoli in marcia;Intersezione stradale segnalata;Una carreggiata a doppio senso;Asciutto;Asfaltata;Verticale ed orizzontale;Sereno;Normale;Sufficiente;Ore Diurne;0;0;0;2;;;-1;2;Autocarro inferiore 35 q.;In marcia / fermata / arresto;Conducente;M;Illeso;0;;Non accertato;Inesploso
1931767;13;03/01/2013 18:20;Altra strada;VIA GIANCARLO PASSERONI;da specificare;;;;area priv. interno parcheggio Ospedale G.B.Grassi;Investimento di pedone;Curva senza visuale libera;Una carreggiata a senso unico di marcia;Bagnato (umidità in atto);Asfaltata;Verticale;Nuvoloso;Scarso;Insufficiente;Insufficiente;2;0;0;2;;;-1;;;;Pedone;M;Rimandato;0;NON DECEDUTO;;
1931767;13;03/01/2013 18:20;Altra strada;VIA GIANCARLO PASSERONI;da specificare;;;;area priv. interno parcheggio Ospedale G.B.Grassi;Investimento di pedone;Curva senza visuale libera;Una carreggiata a senso unico di marcia;Bagnato (umidità in atto);Asfaltata;Verticale;Nuvoloso;Scarso;Insufficiente;Insufficiente;2;0;0;2;;;-1;;;;Pedone;F;Rimandato;0;NON DECEDUTO;;
1931767;13;03/01/2013 18:20;Altra strada;VIA GIANCARLO PASSERONI;da specificare;;;;area priv. interno parcheggio Ospedale G.B.Grassi;Investimento di pedone;Curva senza visuale libera;Una carreggiata a senso unico di marcia;Bagnato (umidità in atto);Asfaltata;Verticale;Nuvoloso;Scarso;Insufficiente;Insufficiente;2;0;0;2;;;-1;1;Autovettura privata;In marcia / fermata / arresto;Conducente;M;Illeso;0;;Non accertato;Inesploso
1931767;13;03/01/2013 18:20;Altra strada;VIA GIANCARLO PASSERONI;da specificare;;;;area priv. interno parcheggio Ospedale G.B.Grassi;Investimento di pedone;Curva senza visuale libera;Una carreggiata a senso unico di marcia;Bagnato (umidità in atto);Asfaltata;Verticale;Nuvoloso;Scarso;Insufficiente;Insufficiente;2;0;0;2;;;-1;1;Autovettura privata;In marcia / fermata / arresto;Passeggero;;Illeso;0;;Non accertato;Inesploso
1931768;13;03/01/2013 18:00;Strada Urbana;VIA DELLE FIAMME GIALLE;all'intersezione con;PIAZZA DELLE FIAMME GIALLE;PIAZZA DELLE FIAMME GIALLE;;;Scontro frontale/laterale SX fra veicoli in marcia;Incrocio;Una carreggiata a senso unico di marcia;Bagnato (umidità in atto);Asfaltata;Orizzontale;Nuvoloso;Normale;Buona;Ore Diurne;1;0;0;1;;;-1;1;Autovettura privata;In marcia / fermata / arresto;Conducente;M;Illeso;0;;Non accertato;Inesploso
1931768;13;03/01/2013 18:00;Strada Urbana;VIA DELLE FIAMME GIALLE;all'intersezione con;PIAZZA DELLE FIAMME GIALLE;PIAZZA DELLE FIAMME GIALLE;;;Scontro frontale/laterale SX fra veicoli in marcia;Incrocio;Una carreggiata a senso unico di marcia;Bagnato (umidità in atto);Asfaltata;Orizzontale;Nuvoloso;Normale;Buona;Ore Diurne;1;0;0;1;;;-1;2;Autovettura privata;In marcia / fermata / arresto;Conducente;M;Rimandato;0;NON DECEDUTO;Non accertato;Inesploso
1931769;8;03/01/2013 15:15;Strada Urbana;VIALE S. RITA DA CASCIA;in prossimità;;del civico n. ;20;;Scontro frontale/laterale DX fra veicoli in marcia;Rettilineo;Due carreggiate;Asciutto;Asfaltata;Assente;Sereno;Scarso;Buona;Ore Diurne;0;0;0;3;;;-1;1;Autovettura privata;In marcia / fermata / arresto;Conducente;M;Illeso;0;;Non accertato;Inesploso
1931769;8;03/01/2013 15:15;Strada Urbana;VIALE S. RITA DA CASCIA;in prossimità;;del civico n. ;20;;Scontro frontale/laterale DX fra veicoli in marcia;Rettilineo;Due carreggiate;Asciutto;Asfaltata;Assente;Sereno;Scarso;Buona;Ore Diurne;0;0;0;3;;;-1;2;Autovettura privata;In marcia / fermata / arresto;Conducente;F;Illeso;0;;Non accertato;Inesploso
1931769;8;03/01/2013 15:15;Strada Urbana;VIALE S. RITA DA CASCIA;in prossimità;;del civico n. ;20;;Scontro frontale/laterale DX fra veicoli in marcia;Rettilineo;Due carreggiate;Asciutto;Asfaltata;Assente;Sereno;Scarso;Buona;Ore Diurne;0;0;0;3;;;-1;2;Autovettura privata;In marcia / fermata / arresto;Passeggero;F;Illeso;0;;Non accertato;Inesploso
1931770;7;03/01/2013 20:20;Strada Urbana;VIALE PALMIRO TOGLIATTI;da specificare;;;;fronte palo acea 346 carreggiata dir.  Collatina;Scontro frontale/laterale DX fra veicoli in marcia;Rettilineo;Una carreggiata a senso unico di marcia;Asciutto;Asfaltata;Orizzontale;Sereno;Normale;Buona;Sufficiente;0;0;0;2;;;-1;1;Autovettura privata;In marcia / fermata / arresto;Conducente;M;Illeso;0;;Non accertato;Inesistente
1931770;7;03/01/2013 20:20;Strada Urbana;VIALE PALMIRO TOGLIATTI;da specificare;;;;fronte palo acea 346 carreggiata dir.  Collatina;Scontro frontale/laterale DX fra veicoli in marcia;Rettilineo;Una carreggiata a senso unico di marcia;Asciutto;Asfaltata;Orizzontale;Sereno;Normale;Buona;Sufficiente;0;0;0;2;;;-1;2;Motociclo a solo;In marcia / fermata / arresto;Conducente;M;Illeso;0;;Non accertato;Inesistente
1931771;13;03/01/2013 16:00;Strada Urbana;VIALE VASCO DE GAMA;all'intersezione con;VIALE DELLE REPUBBLICHE MARINARE;VIALE DELLE REPUBBLICHE MARINARE;;;Scontro frontale/laterale DX fra veicoli in marcia;Incrocio;Due carreggiate;Asciutto;Asfaltata;Verticale ed orizzontale;Sereno;Normale;Buona;Ore Diurne;0;0;0;2;;;-1;1;Autocarro inferiore 35 q.;In marcia / fermata / arresto;Conducente;M;Illeso;0;;Non accertato;Inesploso
1931771;13;03/01/2013 16:00;Strada Urbana;VIALE VASCO DE GAMA;all'intersezione con;VIALE DELLE REPUBBLICHE MARINARE;VIALE DELLE REPUBBLICHE MARINARE;;;Scontro frontale/laterale DX fra veicoli in marcia;Incrocio;Due carreggiate;Asciutto;Asfaltata;Verticale ed orizzontale;Sereno;Normale;Buona;Ore Diurne;0;0;0;2;;;-1;2;Autovettura privata;In marcia / fermata / arresto;Conducente;F;Illeso;0;;Non accertato;Inesploso
1931772;9;03/01/2013 19:20;Strada Urbana;VIA NOCERA UMBRA;da specificare;;;;prossimità fronte civico 186;Investimento di pedone;Rettilineo;Due carreggiate;Asciutto;Asfaltata;Verticale ed orizzontale;Sereno;Normale;Buona;Sufficiente;0;1;0;1;;;-1;;;;Pedone;F;Prognosi riservata;0;NON DECEDUTO;;
1931772;9;03/01/2013 19:20;Strada Urbana;VIA NOCERA UMBRA;da specificare;;;;prossimità fronte civico 186;Investimento di pedone;Rettilineo;Due carreggiate;Asciutto;Asfaltata;Verticale ed orizzontale;Sereno;Normale;Buona;Sufficiente;0;1;0;1;;;-1;1;Autovettura privata;In marcia / fermata / arresto;Conducente;M;Illeso;0;;Non accertato;Inesploso
1931773;13;03/01/2013 11:30;Strada Urbana;PIAZZA QUARTO DEI MILLE;da specificare;;;;area di sosta;Veicolo in marcia contro veicolo in sosta;Rettilineo;Più di due carreggiate;Asciutto;Asfaltata;Orizzontale;Sereno;Normale;Buona;Ore Diurne;0;0;0;1;;;-1;2;Autovettura privata;In marcia / fermata / arresto;Conducente;M;Illeso;0;;Non accertato;Inesploso
1931774;13;03/01/2013 08:15;Strada Urbana;VIA DI MALAFEDE;all'intersezione con;VIA MASSIMO TROISI;VIA MASSIMO TROISI;;;Scontro frontale/laterale DX fra veicoli in marcia;Incrocio;Una carreggiata a doppio senso;Bagnato (umidità in atto);Asfaltata;Assente;Sereno;Normale;Sufficiente;Ore Diurne;0;0;0;2;;;-1;1;Autovettura privata;In marcia / fermata / arresto;Conducente;M;Illeso;0;;Non accertato;Esploso
1931774;13;03/01/2013 08:15;Strada Urbana;VIA DI MALAFEDE;all'intersezione con;VIA MASSIMO TROISI;VIA MASSIMO TROISI;;;Scontro frontale/laterale DX fra veicoli in marcia;Incrocio;Una carreggiata a doppio senso;Bagnato (umidità in atto);Asfaltata;Assente;Sereno;Normale;Sufficiente;Ore Diurne;0;0;0;2;;;-1;2;Autovettura privata;In marcia / fermata / arresto;Conducente;F;Illeso;0;;Non accertato;Esploso
1931775;5;03/01/2013 19:20;Strada Urbana;VIA TIBURTINA;da specificare;;;;FRONTE VIA SANT' ALESSANDRO;Scontro laterale fra veicoli in marcia;Rettilineo;Una carreggiata a senso unico di marcia;Asciutto;Asfaltata;Verticale ed orizzontale;Sereno;Normale;Buona;Sufficiente;0;0;0;3;;;-1;1;Autovettura privata;In marcia / fermata / arresto;Passeggero;F;Illeso;0;;Non accertato;Inesistente
1931775;5;03/01/2013 19:20;Strada Urbana;VIA TIBURTINA;da specificare;;;;FRONTE VIA SANT' ALESSANDRO;Scontro laterale fra veicoli in marcia;Rettilineo;Una carreggiata a senso unico di marcia;Asciutto;Asfaltata;Verticale ed orizzontale;Sereno;Normale;Buona;Sufficiente;0;0;0;3;;;-1;1;Autovettura privata;In marcia / fermata / arresto;Conducente;M;Illeso;0;;Non accertato;Inesistente
1931775;5;03/01/2013 19:20;Strada Urbana;VIA TIBURTINA;da specificare;;;;FRONTE VIA SANT' ALESSANDRO;Scontro laterale fra veicoli in marcia;Rettilineo;Una carreggiata a senso unico di marcia;Asciutto;Asfaltata;Verticale ed orizzontale;Sereno;Normale;Buona;Sufficiente;0;0;0;3;;;-1;2;Motrice;In marcia / fermata / arresto;Conducente;M;Illeso;0;;Non accertato;Inesistente
1931776;13;03/01/2013 09:45;Strada Urbana;LUNGOMARE DUILIO;da specificare;;;;altezza Via dei Timoni;Tamponamento;Rettilineo;Due carreggiate;Asciutto;Asfaltata;Orizzontale;Sereno;Normale;Buona;Ore Diurne;0;0;0;2;;;-1;1;Autovettura privata;In marcia / fermata / arresto;Conducente;M;Illeso;0;;Non accertato;Inesploso
1931776;13;03/01/2013 09:45;Strada Urbana;LUNGOMARE DUILIO;da specificare;;;;altezza Via dei Timoni;Tamponamento;Rettilineo;Due carreggiate;Asciutto;Asfaltata;Orizzontale;Sereno;Normale;Buona;Ore Diurne;0;0;0;2;;;-1;2;Autovettura privata;In marcia / fermata / arresto;Conducente;M;Illeso;0;;Non accertato;Inesploso
1931777;8;03/01/2013 11:00;Strada Urbana;VIA DI TOR BELLA MONACA;all'intersezione semaforizzata con;VIALE PAOLO FERDINANDO QUAGLIA;VIALE PAOLO FERDINANDO QUAGLIA;;;Scontro frontale/laterale DX fra veicoli in marcia;Intersezione semaforizzata;Due carreggiate;Asciutto;Asfaltata;Verticale ed orizzontale;Sereno;Normale;Buona;Ore Diurne;1;0;0;1;;;-1;1;Autovettura privata;In marcia / fermata / arresto;Conducente;M;Rifiuta cure immediate;0;NON DECEDUTO;Non accertato;Inesploso
1931777;8;03/01/2013 11:00;Strada Urbana;VIA DI TOR BELLA MONACA;all'intersezione semaforizzata con;VIALE PAOLO FERDINANDO QUAGLIA;VIALE PAOLO FERDINANDO QUAGLIA;;;Scontro frontale/laterale DX fra veicoli in marcia;Intersezione semaforizzata;Due carreggiate;Asciutto;Asfaltata;Verticale ed orizzontale;Sereno;Normale;Buona;Ore Diurne;1;0;0;1;;;-1;2;Autovettura privata;In marcia / fermata / arresto;Conducente;M;Illeso;0;;Non accertato;Inesploso
1931778;13;03/01/2013 10:45;Strada Urbana;VIA GIAN FRANCESCO MALIPIERO;in corrispondenza;;del civico n. ;97;;Scontro laterale fra veicoli in marcia;Rettilineo;Una carreggiata a doppio senso;Asciutto;Asfaltata;Verticale ed orizzontale;Sereno;Scarso;Buona;Ore Diurne;0;0;0;4;;;-1;1;Autovettura privata;In marcia / fermata / arresto;Conducente;F;Illeso;0;;Non accertato;Inesploso
1931778;13;03/01/2013 10:45;Strada Urbana;VIA GIAN FRANCESCO MALIPIERO;in corrispondenza;;del civico n. ;97;;Scontro laterale fra veicoli in marcia;Rettilineo;Una carreggiata a doppio senso;Asciutto;Asfaltata;Verticale ed orizzontale;Sereno;Scarso;Buona;Ore Diurne;0;0;0;4;;;-1;2;Autovettura privata;In marcia / fermata / arresto;Conducente;M;Illeso;0;;Non accertato;Inesploso
1931778;13;03/01/2013 10:45;Strada Urbana;VIA GIAN FRANCESCO MALIPIERO;in corrispondenza;;del civico n. ;97;;Scontro laterale fra veicoli in marcia;Rettilineo;Una carreggiata a doppio senso;Asciutto;Asfaltata;Verticale ed orizzontale;Sereno;Scarso;Buona;Ore Diurne;0;0;0;4;;;-1;2;Autovettura privata;In marcia / fermata / arresto;Passeggero;M;Illeso;0;;Non accertato;Inesploso
1931778;13;03/01/2013 10:45;Strada Urbana;VIA GIAN FRANCESCO MALIPIERO;in corrispondenza;;del civico n. ;97;;Scontro laterale fra veicoli in marcia;Rettilineo;Una carreggiata a doppio senso;Asciutto;Asfaltata;Verticale ed orizzontale;Sereno;Scarso;Buona;Ore Diurne;0;0;0;4;;;-1;2;Autovettura privata;In marcia / fermata / arresto;Passeggero;F;Illeso;0;;Non accertato;Inesploso
1931779;13;03/01/2013 15:50;Statale entro l'abitato;VIA DEL MARE;da specificare;;;;prossimita' Viale Cardinal Ginnasi;Scontro laterale fra veicoli in marcia;Rettilineo;Una carreggiata a doppio senso;Asciutto;Asfaltata;Verticale ed orizzontale;Sereno;Normale;Buona;Ore Diurne;0;0;0;1;;;-1;1;Autovettura privata;In marcia / fermata / arresto;Conducente;M;Illeso;0;;Non accertato;Inesistente