Protocollo;Gruppo;DataOraIncidente;Localizzazione1;STRADA1;Localizzazione2;STRADA2;Strada02;Chilometrica;DaSpecificare;NaturaIncidente;particolaritastrade;TipoStrada;FondoStradale;Pavimentazione;Segnaletica;CondizioneAtmosferica;Traffico;Visibilita;Illuminazione;NUM_FERITI;NUM_RISERVATA;NUM_MORTI;NUM_ILLESI;Longitudine;Latitudine;Confermato;Progressivo;TipoVeicolo;StatoVeicolo;TipoPersona;Sesso;Tipolesione;Deceduto;DecedutoDopo;CinturaCascoUtilizzato;Airbag
1931945;13;06/01/2013 11:15;Provinciale;VIA LITORANEA;in corrispondenza;;della chilometrica ;7,85;;Veicolo in marcia contro veicoli fermi;Rettilineo;Una carreggiata a doppio senso;Asciutto;Asfaltata;Verticale ed orizzontale;Sereno;Normale;Buona;Ore Diurne;2;0;0;2;;;-1;1;Autovettura privata;In marcia / fermata / arresto;Conducente;F;Illeso;0;;Non accertato;Inesploso
1931945;13;06/01/2013 11:15;Provinciale;VIA LITORANEA;in corrispondenza;;della chilometrica ;7,85;;Veicolo in marcia contro veicoli fermi;Rettilineo;Una carreggiata a doppio senso;Asciutto;Asfaltata;Verticale ed orizzontale;Sereno;Normale;Buona;Ore Diurne;2;0;0;2;;;-1;2;Velocipede;In marcia / fermata / arresto;Conducente;M;Rimandato;0;NON DECEDUTO;Non accertato;Inesistente
1931945;13;06/01/2013 11:15;Provinciale;VIA LITORANEA;in corrispondenza;;della chilometrica ;7,85;;Veicolo in marcia contro veicoli fermi;Rettilineo;Una carreggiata a doppio senso;Asciutto;Asfaltata;Verticale ed orizzontale;Sereno;Normale;Buona;Ore Diurne;2;0;0;2;;;-1;3;Velocipede;In marcia / fermata / arresto;Conducente;M;Rimandato;0;NON DECEDUTO;Non accertato;Inesistente
1931945;13;06/01/2013 11:15;Provinciale;VIA LITORANEA;in corrispondenza;;della chilometrica ;7,85;;Veicolo in marcia contro veicoli fermi;Rettilineo;Una carreggiata a doppio senso;Asciutto;Asfaltata;Verticale ed orizzontale;Sereno;Normale;Buona;Ore Diurne;2;0;0;2;;;-1;4;Velocipede;In marcia / fermata / arresto;Conducente;M;Illeso;0;;Non accertato;Inesistente
1931946;10;04/01/2013 12:15;Strada Urbana;CIRCONVALLAZIONE TUSCOLANA;all'intersezione con;VIA QUINTILIO VARO;VIA QUINTILIO VARO;;;Scontro frontale/laterale SX fra veicoli in marcia;Intersezione stradale segnalata;Due carreggiate;Asciutto;Asfaltata;Verticale ed orizzontale;Sereno;Normale;Buona;Ore Diurne;0;0;0;3;;;-1;1;Autovettura privata;In marcia / fermata / arresto;Conducente;F;Illeso;0;;Non accertato;Inesploso
1931946;10;04/01/2013 12:15;Strada Urbana;CIRCONVALLAZIONE TUSCOLANA;all'intersezione con;VIA QUINTILIO VARO;VIA QUINTILIO VARO;;;Scontro frontale/laterale SX fra veicoli in marcia;Intersezione stradale segnalata;Due carreggiate;Asciutto;Asfaltata;Verticale ed orizzontale;Sereno;Normale;Buona;Ore Diurne;0;0;0;3;;;-1;1;Autovettura privata;In marcia / fermata / arresto;Passeggero;F;Illeso;0;;Non accertato;Inesploso
1931946;10;04/01/2013 12:15;Strada Urbana;CIRCONVALLAZIONE TUSCOLANA;all'intersezione con;VIA QUINTILIO VARO;VIA QUINTILIO VARO;;;Scontro frontale/laterale SX fra veicoli in marcia;Intersezione stradale segnalata;Due carreggiate;Asciutto;Asfaltata;Verticale ed orizzontale;Sereno;Normale;Buona;Ore Diurne;0;0;0;3;;;-1;2;Autovettura privata;In marcia / fermata / arresto;Conducente;F;Illeso;0;;Non accertato;Inesistente
1931947;10;06/01/2013 18:40;Strada Urbana;VIA CALPURNIO FIAMMA;in prossimità;;del civico n. ;19;;Investimento di pedone;Rettilineo;Una carreggiata a senso unico di marcia;Asciutto;Asfaltata;Verticale ed orizzontale;Sereno;Normale;Sufficiente;Sufficiente;3;0;0;1;;;-1;;;;Pedone;F;Rifiuta cure immediate;0;NON DECEDUTO;;
1931947;10;06/01/2013 18:40;Strada Urbana;VIA CALPURNIO FIAMMA;in prossimità;;del civico n. ;19;;Investimento di pedone;Rettilineo;Una carreggiata a senso unico di marcia;Asciutto;Asfaltata;Verticale ed orizzontale;Sereno;Normale;Sufficiente;Sufficiente;3;0;0;1;;;-1;;;;Pedone;F;Rifiuta cure immediate;0;NON DECEDUTO;;
1931947;10;06/01/2013 18:40;Strada Urbana;VIA CALPURNIO FIAMMA;in prossimità;;del civico n. ;19;;Investimento di pedone;Rettilineo;Una carreggiata a senso unico di marcia;Asciutto;Asfaltata;Verticale ed orizzontale;Sereno;Normale;Sufficiente;Sufficiente;3;0;0;1;;;-1;;;;Pedone;F;Rifiuta cure immediate;0;NON DECEDUTO;;
1931947;10;06/01/2013 18:40;Strada Urbana;VIA CALPURNIO FIAMMA;in prossimità;;del civico n. ;19;;Investimento di pedone;Rettilineo;Una carreggiata a senso unico di marcia;Asciutto;Asfaltata;Verticale ed orizzontale;Sereno;Normale;Sufficiente;Sufficiente;3;0;0;1;;;-1;1;Autovettura privata;In marcia / fermata / arresto;Conducente;F;Illeso;0;;Non accertato;Inesploso
1931948;10;05/01/2013 09:30;Strada Urbana;VIA VINCENZO MANZINI;in corrispondenza;;del civico n. ;113;;Scontro frontale/laterale SX fra veicoli in marcia;Rettilineo;Una carreggiata a doppio senso;Asciutto;Asfaltata;Orizzontale;Sereno;Normale;Buona;Ore Diurne;0;0;0;3;;;-1;1;Autovettura privata;In marcia / fermata / arresto;Conducente;F;Illeso;0;;Non accertato;Inesploso
1931948;10;05/01/2013 09:30;Strada Urbana;VIA VINCENZO MANZINI;in corrispondenza;;del civico n. ;113;;Scontro frontale/laterale SX fra veicoli in marcia;Rettilineo;Una carreggiata a doppio senso;Asciutto;Asfaltata;Orizzontale;Sereno;Normale;Buona;Ore Diurne;0;0;0;3;;;-1;2;Autovettura privata;In marcia / fermata / arresto;Conducente;F;Illeso;0;;Non accertato;Inesploso
1931948;10;05/01/2013 09:30;Strada Urbana;VIA VINCENZO MANZINI;in corrispondenza;;del civico n. ;113;;Scontro frontale/laterale SX fra veicoli in marcia;Rettilineo;Una carreggiata a doppio senso;Asciutto;Asfaltata;Orizzontale;Sereno;Normale;Buona;Ore Diurne;0;0;0;3;;;-1;2;Autovettura privata;In marcia / fermata / arresto;Passeggero;M;Illeso;0;;Non accertato;Inesistente
1931949;12;04/01/2013 21:35;Strada Urbana;VIA PONTINA;all'intersezione con;VIALE DEI CADUTI NELLA GUERRA DI LIBERAZIONE;VIALE DEI CADUTI NELLA GUERRA DI LIBERAZIONE;;;Tamponamento;Intersezione semaforizzata;Una carreggiata a doppio senso;Asciutto;Asfaltata;Verticale;Sereno;Scarso;Sufficiente;Inesistente;1;0;0;2;;;-1;1;Motociclo a solo;In marcia / fermata / arresto;Conducente;M;Rimandato;0;NON DECEDUTO;Non accertato;Inesistente
1931949;12;04/01/2013 21:35;Strada Urbana;VIA PONTINA;all'intersezione con;VIALE DEI CADUTI NELLA GUERRA DI LIBERAZIONE;VIALE DEI CADUTI NELLA GUERRA DI LIBERAZIONE;;;Tamponamento;Intersezione semaforizzata;Una carreggiata a doppio senso;Asciutto;Asfaltata;Verticale;Sereno;Scarso;Sufficiente;Inesistente;1;0;0;2;;;-1;2;Autovettura privata;In marcia / fermata / arresto;Conducente;M;Illeso;0;;Utilizzato;Inesistente
1931949;12;04/01/2013 21:35;Strada Urbana;VIA PONTINA;all'intersezione con;VIALE DEI CADUTI NELLA GUERRA DI LIBERAZIONE;VIALE DEI CADUTI NELLA GUERRA DI LIBERAZIONE;;;Tamponamento;Intersezione semaforizzata;Una carreggiata a doppio senso;Asciutto;Asfaltata;Verticale;Sereno;Scarso;Sufficiente;Inesistente;1;0;0;2;;;-1;2;Autovettura privata;In marcia / fermata / arresto;Passeggero;F;Illeso;0;;Utilizzato;Inesploso
1931950;20;05/01/2013 10:40;Strada Urbana;VIA MAGNANO IN RIVIERA;da specificare;;;;in prossimità Piazza Arcisate;Scontro laterale fra veicoli in marcia;Rettilineo;Una carreggiata a doppio senso;Asciutto;Asfaltata;Orizzontale;Sereno;Intenso;Buona;Ore Diurne;0;0;0;2;;;-1;1;Autovettura privata;In marcia / fermata / arresto;Conducente;M;Illeso;0;;Non accertato;Inesistente
1931950;20;05/01/2013 10:40;Strada Urbana;VIA MAGNANO IN RIVIERA;da specificare;;;;in prossimità Piazza Arcisate;Scontro laterale fra veicoli in marcia;Rettilineo;Una carreggiata a doppio senso;Asciutto;Asfaltata;Orizzontale;Sereno;Intenso;Buona;Ore Diurne;0;0;0;2;;;-1;2;Autovettura privata;In marcia / fermata / arresto;Conducente;M;Illeso;0;;Non accertato;Inesistente
1931951;10;05/01/2013 16:20;Strada Urbana;VIA FILIPPO SERAFINI;da specificare;;;;altezza supermercato pewex;Tamponamento Multiplo;Rettilineo;Una carreggiata a senso unico di marcia;Asciutto;Asfaltata;Verticale ed orizzontale;Sereno;Normale;Buona;Ore Diurne;1;0;0;2;;;-1;1;Autovettura privata;In marcia / fermata / arresto;Conducente;M;Illeso;0;;Non accertato;Inesistente
1931951;10;05/01/2013 16:20;Strada Urbana;VIA FILIPPO SERAFINI;da specificare;;;;altezza supermercato pewex;Tamponamento Multiplo;Rettilineo;Una carreggiata a senso unico di marcia;Asciutto;Asfaltata;Verticale ed orizzontale;Sereno;Normale;Buona;Ore Diurne;1;0;0;2;;;-1;2;Autovettura privata;In marcia / fermata / arresto;Conducente;M;Rimandato;0;NON DECEDUTO;Non accertato;Inesistente
1931951;10;05/01/2013 16:20;Strada Urbana;VIA FILIPPO SERAFINI;da specificare;;;;altezza supermercato pewex;Tamponamento Multiplo;Rettilineo;Una carreggiata a senso unico di marcia;Asciutto;Asfaltata;Verticale ed orizzontale;Sereno;Normale;Buona;Ore Diurne;1;0;0;2;;;-1;3;Autovettura privata;In marcia / fermata / arresto;Conducente;M;Illeso;0;;Non accertato;Inesploso
1931952;10;05/01/2013 11:40;Strada Urbana;VIA MONASTERACE;in corrispondenza;;del civico n. ;9;;Scontro laterale fra veicoli in marcia;Rettilineo;Una carreggiata a senso unico di marcia;Asciutto;Asfaltata;Assente;Sereno;Normale;Buona;Ore Diurne;0;0;0;3;;;-1;1;Autovettura privata;In marcia / fermata / arresto;Conducente;F;Illeso;0;;Non accertato;Inesploso
1931952;10;05/01/2013 11:40;Strada Urbana;VIA MONASTERACE;in corrispondenza;;del civico n. ;9;;Scontro laterale fra veicoli in marcia;Rettilineo;Una carreggiata a senso unico di marcia;Asciutto;Asfaltata;Assente;Sereno;Normale;Buona;Ore Diurne;0;0;0;3;;;-1;1;Autovettura privata;In marcia / fermata / arresto;Passeggero;F;Illeso;0;;Non accertato;Inesploso
1931952;10;05/01/2013 11:40;Strada Urbana;VIA MONASTERACE;in corrispondenza;;del civico n. ;9;;Scontro laterale fra veicoli in marcia;Rettilineo;Una carreggiata a senso unico di marcia;Asciutto;Asfaltata;Assente;Sereno;Normale;Buona;Ore Diurne;0;0;0;3;;;-1;2;Autovettura privata;In marcia / fermata / arresto;Conducente;F;Illeso;0;;Non accertato;Inesploso
1931953;10;06/01/2013 02:15;Strada Urbana;VIALE BRUNO PELIZZI;all'intersezione semaforizzata con;VIALE ROLANDO VIGNALI;VIALE ROLANDO VIGNALI;;;Scontro frontale/laterale DX fra veicoli in marcia;Incrocio;Due carreggiate;Asciutto;Asfaltata;Verticale ed orizzontale;Sereno;Scarso;Sufficiente;Sufficiente;0;0;0;4;;;-1;1;Autovettura privata;In marcia / fermata / arresto;Conducente;M;Illeso;0;;Non accertato;Inesistente
1931953;10;06/01/2013 02:15;Strada Urbana;VIALE BRUNO PELIZZI;all'intersezione semaforizzata con;VIALE ROLANDO VIGNALI;VIALE ROLANDO VIGNALI;;;Scontro frontale/laterale DX fra veicoli in marcia;Incrocio;Due carreggiate;Asciutto;Asfaltata;Verticale ed orizzontale;Sereno;Scarso;Sufficiente;Sufficiente;0;0;0;4;;;-1;1;Autovettura privata;In marcia / fermata / arresto;Passeggero;F;Illeso;0;;Non accertato;Inesistente
1931953;10;06/01/2013 02:15;Strada Urbana;VIALE BRUNO PELIZZI;all'intersezione semaforizzata con;VIALE ROLANDO VIGNALI;VIALE ROLANDO VIGNALI;;;Scontro frontale/laterale DX fra veicoli in marcia;Incrocio;Due carreggiate;Asciutto;Asfaltata;Verticale ed orizzontale;Sereno;Scarso;Sufficiente;Sufficiente;0;0;0;4;;;-1;2;Autovettura privata;In marcia / fermata / arresto;Conducente;M;Illeso;0;;Non accertato;Inesistente
1931953;10;06/01/2013 02:15;Strada Urbana;VIALE BRUNO PELIZZI;all'intersezione semaforizzata con;VIALE ROLANDO VIGNALI;VIALE ROLANDO VIGNALI;;;Scontro frontale/laterale DX fra veicoli in marcia;Incrocio;Due carreggiate;Asciutto;Asfaltata;Verticale ed orizzontale;Sereno;Scarso;Sufficiente;Sufficiente;0;0;0;4;;;-1;2;Autovettura privata;In marcia / fermata / arresto;Passeggero;F;Illeso;0;;Non accertato;Inesistente
1931954;5;05/01/2013 12:00;Strada Urbana;VIA DOMENICO DE DOMINICIS;all'intersezione con;VIA DI PORTONACCIO;VIA DI PORTONACCIO;;;Scontro frontale/laterale DX fra veicoli in marcia;Incrocio;Due carreggiate;Asciutto;Asfaltata;Verticale ed orizzontale;Sereno;Normale;Buona;Ore Diurne;0;0;0;3;;;-1;1;Autovettura privata;In marcia / fermata / arresto;Conducente;M;Illeso;0;;Non accertato;Inesistente
1931954;5;05/01/2013 12:00;Strada Urbana;VIA DOMENICO DE DOMINICIS;all'intersezione con;VIA DI PORTONACCIO;VIA DI PORTONACCIO;;;Scontro frontale/laterale DX fra veicoli in marcia;Incrocio;Due carreggiate;Asciutto;Asfaltata;Verticale ed orizzontale;Sereno;Normale;Buona;Ore Diurne;0;0;0;3;;;-1;2;Autovettura privata;In marcia / fermata / arresto;Conducente;M;Illeso;0;;Non accertato;Inesistente
1931954;5;05/01/2013 12:00;Strada Urbana;VIA DOMENICO DE DOMINICIS;all'intersezione con;VIA DI PORTONACCIO;VIA DI PORTONACCIO;;;Scontro frontale/laterale DX fra veicoli in marcia;Incrocio;Due carreggiate;Asciutto;Asfaltata;Verticale ed orizzontale;Sereno;Normale;Buona;Ore Diurne;0;0;0;3;;;-1;2;Autovettura privata;In marcia / fermata / arresto;Passeggero;F;Illeso;0;;Non accertato;Inesistente
1931955;13;06/01/2013 18:30;Strada Urbana;CORSO DUCA DI GENOVA;da specificare;;;;FRONTE CIVICO 86;Investimento di pedone;Rettilineo;Una carreggiata a doppio senso;Asciutto;Asfaltata;Orizzontale;Sereno;Normale;Buona;Sufficiente;1;0;0;1;;;-1;;;;Pedone;M;Rimandato;0;NON DECEDUTO;;
1931955;13;06/01/2013 18:30;Strada Urbana;CORSO DUCA DI GENOVA;da specificare;;;;FRONTE CIVICO 86;Investimento di pedone;Rettilineo;Una carreggiata a doppio senso;Asciutto;Asfaltata;Orizzontale;Sereno;Normale;Buona;Sufficiente;1;0;0;1;;;-1;1;Motociclo con passeggero;In marcia / fermata / arresto;Conducente;M;Illeso;0;;Utilizzato;Inesistente
1931956;5;05/01/2013 08:55;Strada Urbana;VIA TIBURTINA;all'intersezione con;VIA DELLE CAVE DI PIETRALATA;VIA DELLE CAVE DI PIETRALATA;;;Scontro frontale/laterale DX fra veicoli in marcia;Incrocio;Due carreggiate;Asciutto;Asfaltata;Temporanea di cantiere;Sereno;Normale;Buona;Ore Diurne;1;0;0;1;;;-1;1;Autovettura privata;In marcia / fermata / arresto;Conducente;M;Rimandato;0;NON DECEDUTO;Non accertato;Inesistente
1931956;5;05/01/2013 08:55;Strada Urbana;VIA TIBURTINA;all'intersezione con;VIA DELLE CAVE DI PIETRALATA;VIA DELLE CAVE DI PIETRALATA;;;Scontro frontale/laterale DX fra veicoli in marcia;Incrocio;Due carreggiate;Asciutto;Asfaltata;Temporanea di cantiere;Sereno;Normale;Buona;Ore Diurne;1;0;0;1;;;-1;2;Autovettura privata;In marcia / fermata / arresto;Conducente;M;Illeso;0;;Non accertato;Esploso
1931957;5;04/01/2013 21:00;Strada Urbana;VIA TIBURTINA;da specificare;;;;ALTEZZA VIA CASALE SAN BASILIO;Veicolo in marcia contro ostacolo fisso;Rettilineo;Due carreggiate;Asciutto;Asfaltata;Verticale ed orizzontale;Sereno;Scarso;Sufficiente;Sufficiente;0;0;0;1;;;-1;1;Autovettura privata;In marcia / fermata / arresto;Conducente;M;Illeso;0;;Non accertato;Inesistente
1931959;5;04/01/2013 18:50;Strada Urbana;VIA GIOVANNI ZANARDINI;all'intersezione con;VIA CARLO SPEGAZZINI;VIA CARLO SPEGAZZINI;;;Tamponamento;Incrocio;Una carreggiata a doppio senso;Asciutto;Asfaltata;Verticale ed orizzontale;Nuvoloso;Normale;Sufficiente;Sufficiente;0;0;0;4;;;-1;1;Autovettura privata;In marcia / fermata / arresto;Conducente;F;Illeso;0;;Non accertato;Inesistente
1931959;5;04/01/2013 18:50;Strada Urbana;VIA GIOVANNI ZANARDINI;all'intersezione con;VIA CARLO SPEGAZZINI;VIA CARLO SPEGAZZINI;;;Tamponamento;Incrocio;Una carreggiata a doppio senso;Asciutto;Asfaltata;Verticale ed orizzontale;Nuvoloso;Normale;Sufficiente;Sufficiente;0;0;0;4;;;-1;1;Autovettura privata;In marcia / fermata / arresto;Passeggero;M;Illeso;0;;Non accertato;Inesistente
1931959;5;04/01/2013 18:50;Strada Urbana;VIA GIOVANNI ZANARDINI;all'intersezione con;VIA CARLO SPEGAZZINI;VIA CARLO SPEGAZZINI;;;Tamponamento;Incrocio;Una carreggiata a doppio senso;Asciutto;Asfaltata;Verticale ed orizzontale;Nuvoloso;Normale;Sufficiente;Sufficiente;0;0;0;4;;;-1;2;Autovettura privata;In marcia / fermata / arresto;Conducente;F;Illeso;0;;Non accertato;Inesistente
1931959;5;04/01/2013 18:50;Strada Urbana;VIA GIOVANNI ZANARDINI;all'intersezione con;VIA CARLO SPEGAZZINI;VIA CARLO SPEGAZZINI;;;Tamponamento;Incrocio;Una carreggiata a doppio senso;Asciutto;Asfaltata;Verticale ed orizzontale;Nuvoloso;Normale;Sufficiente;Sufficiente;0;0;0;4;;;-1;2;Autovettura privata;In marcia / fermata / arresto;Passeggero;M;Illeso;0;;Non accertato;Inesistente
1931960;13;06/01/2013 16:30;Strada Urbana;VIA DEL CANALE DELLA LINGUA;da specificare;;;;FRONTE LARGO ARISTOTELE;Veicolo in marcia contro ostacolo fisso;Rettilineo;Una carreggiata a doppio senso;Asciutto;Asfaltata;Assente;Sereno;Scarso;Buona;Sufficiente;0;0;0;1;;;-1;1;Autovettura privata;In marcia / fermata / arresto;Conducente;F;Illeso;0;;Non accertato;Inesploso
1931961;20;06/01/2013 02:30;Provinciale entro l'abitato;VIA FLAMINIA;in prossimità;;della chilometrica ;16;;Tamponamento;Rettilineo;Una carreggiata a doppio senso;Asciutto;Asfaltata;Orizzontale;Nebbia;Scarso;Insufficiente;Inesistente;0;0;0;2;;;-1;1;Autovettura privata;In marcia / fermata / arresto;Conducente;M;Illeso;0;;Non accertato;Inesistente
1931961;20;06/01/2013 02:30;Provinciale entro l'abitato;VIA FLAMINIA;in prossimità;;della chilometrica ;16;;Tamponamento;Rettilineo;Una carreggiata a doppio senso;Asciutto;Asfaltata;Orizzontale;Nebbia;Scarso;Insufficiente;Inesistente;0;0;0;2;;;-1;2;Autovettura privata;In marcia / fermata / arresto;Conducente;M;Illeso;0;;Non accertato;Inesistente
1931963;2;05/01/2013 20:00;Strada Urbana;VIA TEMBIEN;in prossimità;;del civico n. ;33;;Investimento di pedone;Rettilineo;Una carreggiata a doppio senso;Asciutto;Asfaltata;Verticale ed orizzontale;Sereno;Normale;Sufficiente;Sufficiente;2;0;0;1;;;-1;;;;Pedone;M;Rimandato;0;NON DECEDUTO;;
1931963;2;05/01/2013 20:00;Strada Urbana;VIA TEMBIEN;in prossimità;;del civico n. ;33;;Investimento di pedone;Rettilineo;Una carreggiata a doppio senso;Asciutto;Asfaltata;Verticale ed orizzontale;Sereno;Normale;Sufficiente;Sufficiente;2;0;0;1;;;-1;;;;Pedone;M;Rimandato;0;NON DECEDUTO;;
1931963;2;05/01/2013 20:00;Strada Urbana;VIA TEMBIEN;in prossimità;;del civico n. ;33;;Investimento di pedone;Rettilineo;Una carreggiata a doppio senso;Asciutto;Asfaltata;Verticale ed orizzontale;Sereno;Normale;Sufficiente;Sufficiente;2;0;0;1;;;-1;1;Autovettura privata;In marcia / fermata / arresto;Conducente;M;Illeso;0;;Non accertato;Inesistente
1931965;12;06/01/2013 03:00;Strada Urbana;VIALE GUGLIELMO MARCONI;all'intersezione con;VIA SALVINO SERNESI;VIA SALVINO SERNESI;;;Scontro laterale fra veicoli in marcia;Intersezione stradale segnalata;Due carreggiate;Asciutto;Asfaltata;Verticale ed orizzontale;Sereno;Scarso;Sufficiente;Sufficiente;0;0;0;4;;;-1;1;Autovettura privata;In marcia / fermata / arresto;Conducente;F;Illeso;0;;Non accertato;Inesistente
1931965;12;06/01/2013 03:00;Strada Urbana;VIALE GUGLIELMO MARCONI;all'intersezione con;VIA SALVINO SERNESI;VIA SALVINO SERNESI;;;Scontro laterale fra veicoli in marcia;Intersezione stradale segnalata;Due carreggiate;Asciutto;Asfaltata;Verticale ed orizzontale;Sereno;Scarso;Sufficiente;Sufficiente;0;0;0;4;;;-1;1;Autovettura privata;In marcia / fermata / arresto;Passeggero;F;Illeso;0;;Non accertato;Inesistente
1931965;12;06/01/2013 03:00;Strada Urbana;VIALE GUGLIELMO MARCONI;all'intersezione con;VIA SALVINO SERNESI;VIA SALVINO SERNESI;;;Scontro laterale fra veicoli in marcia;Intersezione stradale segnalata;Due carreggiate;Asciutto;Asfaltata;Verticale ed orizzontale;Sereno;Scarso;Sufficiente;Sufficiente;0;0;0;4;;;-1;2;Autovettura privata;In marcia / fermata / arresto;Conducente;M;Illeso;0;;Non accertato;Inesploso
1931965;12;06/01/2013 03:00;Strada Urbana;VIALE GUGLIELMO MARCONI;all'intersezione con;VIA SALVINO SERNESI;VIA SALVINO SERNESI;;;Scontro laterale fra veicoli in marcia;Intersezione stradale segnalata;Due carreggiate;Asciutto;Asfaltata;Verticale ed orizzontale;Sereno;Scarso;Sufficiente;Sufficiente;0;0;0;4;;;-1;2;Autovettura privata;In marcia / fermata / arresto;Passeggero;F;Illeso;0;;Utilizzato;Inesploso
1931966;23;06/01/2013 19:45;Comunale extraurbana;VIA CRISTOFORO COLOMBO;all'intersezione semaforizzata con;VIA DI ACILIA;VIA DI ACILIA;;;Scontro frontale/laterale DX fra veicoli in marcia;Intersezione semaforizzata;Più di due carreggiate;Asciutto;Asfaltata;Verticale ed orizzontale;Sereno;Normale;Buona;Sufficiente;0;0;0;2;;;-1;1;Autovettura privata;In marcia / fermata / arresto;Conducente;F;Illeso;0;;Utilizzato;Inesploso
1931966;23;06/01/2013 19:45;Comunale extraurbana;VIA CRISTOFORO COLOMBO;all'intersezione semaforizzata con;VIA DI ACILIA;VIA DI ACILIA;;;Scontro frontale/laterale DX fra veicoli in marcia;Intersezione semaforizzata;Più di due carreggiate;Asciutto;Asfaltata;Verticale ed orizzontale;Sereno;Normale;Buona;Sufficiente;0;0;0;2;;;-1;2;Autovettura privata;In marcia / fermata / arresto;Conducente;M;Illeso;0;;Utilizzato;Inesploso
1931968;3;04/01/2013 18:45;Strada Urbana;VIALE VENTUNO APRILE;all'intersezione semaforizzata con;VIA DI VILLA RICOTTI;VIA DI VILLA RICOTTI;;;Scontro laterale fra veicoli in marcia;Intersezione semaforizzata;Una carreggiata a doppio senso;Asciutto;Asfaltata;Verticale ed orizzontale;Sereno;Normale;Sufficiente;Sufficiente;1;0;0;2;;;-1;1;Autovettura privata;In marcia / fermata / arresto;Conducente;F;Illeso;0;;Non accertato;Inesistente
1931968;3;04/01/2013 18:45;Strada Urbana;VIALE VENTUNO APRILE;all'intersezione semaforizzata con;VIA DI VILLA RICOTTI;VIA DI VILLA RICOTTI;;;Scontro laterale fra veicoli in marcia;Intersezione semaforizzata;Una carreggiata a doppio senso;Asciutto;Asfaltata;Verticale ed orizzontale;Sereno;Normale;Sufficiente;Sufficiente;1;0;0;2;;;-1;2;Motociclo con passeggero;In marcia / fermata / arresto;Conducente;M;Illeso;0;;Non accertato;Inesistente
1931968;3;04/01/2013 18:45;Strada Urbana;VIALE VENTUNO APRILE;all'intersezione semaforizzata con;VIA DI VILLA RICOTTI;VIA DI VILLA RICOTTI;;;Scontro laterale fra veicoli in marcia;Intersezione semaforizzata;Una carreggiata a doppio senso;Asciutto;Asfaltata;Verticale ed orizzontale;Sereno;Normale;Sufficiente;Sufficiente;1;0;0;2;;;-1;2;Motociclo con passeggero;In marcia / fermata / arresto;Passeggero;F;Ricoverato;0;NON DECEDUTO;Non accertato;Inesistente
1931969;3;05/01/2013 01:50;Strada Urbana;VIA LORENZO IL MAGNIFICO;all'intersezione con;VIA GIOVANNI DA PROCIDA;VIA GIOVANNI DA PROCIDA;;;Scontro frontale/laterale SX fra veicoli in marcia;Incrocio;Una carreggiata a doppio senso;Asciutto;Asfaltata;Verticale ed orizzontale;Sereno;Scarso;Sufficiente;Sufficiente;0;0;0;4;;;-1;1;Autovettura privata;In marcia / fermata / arresto;Conducente;M;Illeso;0;;Utilizzato;Inesploso
1931969;3;05/01/2013 01:50;Strada Urbana;VIA LORENZO IL MAGNIFICO;all'intersezione con;VIA GIOVANNI DA PROCIDA;VIA GIOVANNI DA PROCIDA;;;Scontro frontale/laterale SX fra veicoli in marcia;Incrocio;Una carreggiata a doppio senso;Asciutto;Asfaltata;Verticale ed orizzontale;Sereno;Scarso;Sufficiente;Sufficiente;0;0;0;4;;;-1;1;Autovettura privata;In marcia / fermata / arresto;Passeggero;M;Illeso;0;;Utilizzato;Inesistente
1931969;3;05/01/2013 01:50;Strada Urbana;VIA LORENZO IL MAGNIFICO;all'intersezione con;VIA GIOVANNI DA PROCIDA;VIA GIOVANNI DA PROCIDA;;;Scontro frontale/laterale SX fra veicoli in marcia;Incrocio;Una carreggiata a doppio senso;Asciutto;Asfaltata;Verticale ed orizzontale;Sereno;Scarso;Sufficiente;Sufficiente;0;0;0;4;;;-1;2;Autovettura privata;In marcia / fermata / arresto;Conducente;M;Illeso;0;;Utilizzato;Inesistente
1931969;3;05/01/2013 01:50;Strada Urbana;VIA LORENZO IL MAGNIFICO;all'intersezione con;VIA GIOVANNI DA PROCIDA;VIA GIOVANNI DA PROCIDA;;;Scontro frontale/laterale SX fra veicoli in marcia;Incrocio;Una carreggiata a doppio senso;Asciutto;Asfaltata;Verticale ed orizzontale;Sereno;Scarso;Sufficiente;Sufficiente;0;0;0;4;;;-1;2;Autovettura privata;In marcia / fermata / arresto;Passeggero;M;Illeso;0;;Utilizzato;Inesistente
1931970;20;06/01/2013 11:00;Regionale entro l'abitato;VIA CASSIA;in prossimità;;del civico n. ;1778;;Investimento di pedone;Rettilineo;Una carreggiata a doppio senso;Asciutto;Asfaltata;Verticale ed orizzontale;Sereno;Normale;Buona;Ore Diurne;1;0;0;2;;;-1;;;;Pedone;M;Ricoverato;0;NON DECEDUTO;;
1931970;20;06/01/2013 11:00;Regionale entro l'abitato;VIA CASSIA;in prossimità;;del civico n. ;1778;;Investimento di pedone;Rettilineo;Una carreggiata a doppio senso;Asciutto;Asfaltata;Verticale ed orizzontale;Sereno;Normale;Buona;Ore Diurne;1;0;0;2;;;-1;1;Autovettura privata;In marcia / fermata / arresto;Conducente;M;Illeso;0;;Non accertato;Inesistente
1931970;20;06/01/2013 11:00;Regionale entro l'abitato;VIA CASSIA;in prossimità;;del civico n. ;1778;;Investimento di pedone;Rettilineo;Una carreggiata a doppio senso;Asciutto;Asfaltata;Verticale ed orizzontale;Sereno;Normale;Buona;Ore Diurne;1;0;0;2;;;-1;1;Autovettura privata;In marcia / fermata / arresto;Passeggero;F;Illeso;0;;Non accertato;Inesistente