Protocollo;Gruppo;DataOraIncidente;Localizzazione1;STRADA1;Localizzazione2;STRADA2;Strada02;Chilometrica;DaSpecificare;NaturaIncidente;particolaritastrade;TipoStrada;FondoStradale;Pavimentazione;Segnaletica;CondizioneAtmosferica;Traffico;Visibilita;Illuminazione;NUM_FERITI;NUM_RISERVATA;NUM_MORTI;NUM_ILLESI;Longitudine;Latitudine;Confermato;Progressivo;TipoVeicolo;StatoVeicolo;TipoPersona;Sesso;Tipolesione;Deceduto;DecedutoDopo;CinturaCascoUtilizzato;Airbag
1934166;12;25/01/2013 21:45;Strada Urbana;PIAZZALE LUIGI STURZO;all'intersezione con;VIA LISZT;VIA LISZT;;;Scontro frontale/laterale DX fra veicoli in marcia;Incrocio;Una carreggiata a doppio senso;Asciutto;Asfaltata;Verticale ed orizzontale;Sereno;Normale;Buona;Sufficiente;0;0;0;6;;;-1;2;Autovettura privata;In marcia / fermata / arresto;Passeggero;F;Illeso;0;;Utilizzato;Inesploso
1934167;1;21/01/2013 18:40;Strada Urbana;VIA ELENIANA;da specificare;;;;ALTEZZA VIA G. SOMMEILLER;Veicolo in marcia contro ostacolo accidentale;Curva a visuale libera;Una carreggiata a senso unico di marcia;Asciutto;Asfaltata;Orizzontale;Nuvoloso;Intenso;Sufficiente;Sufficiente;0;0;0;1;;;-1;1;Autovettura privata;In marcia / fermata / arresto;Conducente;M;Illeso;0;;Non accertato;Inesistente
1934168;7;27/01/2013 20:30;Strada Urbana;VIA DAMETA;all'intersezione con;VIA NAIDE;VIA NAIDE;;;Scontro frontale/laterale SX fra veicoli in marcia;Incrocio;Una carreggiata a senso unico di marcia;Asciutto;Asfaltata;Assente;Sereno;Scarso;Buona;Sufficiente;1;0;0;2;;;-1;1;Autovettura privata;In marcia / fermata / arresto;Conducente;F;Illeso;0;;Esente;Esploso
1934168;7;27/01/2013 20:30;Strada Urbana;VIA DAMETA;all'intersezione con;VIA NAIDE;VIA NAIDE;;;Scontro frontale/laterale SX fra veicoli in marcia;Incrocio;Una carreggiata a senso unico di marcia;Asciutto;Asfaltata;Assente;Sereno;Scarso;Buona;Sufficiente;1;0;0;2;;;-1;1;Autovettura privata;In marcia / fermata / arresto;Passeggero;M;Illeso;0;;Esente;Esploso
1934168;7;27/01/2013 20:30;Strada Urbana;VIA DAMETA;all'intersezione con;VIA NAIDE;VIA NAIDE;;;Scontro frontale/laterale SX fra veicoli in marcia;Incrocio;Una carreggiata a senso unico di marcia;Asciutto;Asfaltata;Assente;Sereno;Scarso;Buona;Sufficiente;1;0;0;2;;;-1;2;Motociclo a solo;In marcia / fermata / arresto;Conducente;M;Rimandato;0;NON DECEDUTO;Non accertato;Inesistente
1934169;1;26/01/2013 12:30;Strada Urbana;PIAZZA VIDONI;in prossimità;;del civico n. ;4;;Investimento di pedone;Rettilineo;Una carreggiata a doppio senso;Asciutto;Acciotolata;Verticale ed orizzontale;Sereno;Scarso;Buona;Ore Diurne;1;0;0;1;;;-1;;;;Pedone;;Rifiuta cure immediate;0;NON DECEDUTO;;
1934169;1;26/01/2013 12:30;Strada Urbana;PIAZZA VIDONI;in prossimità;;del civico n. ;4;;Investimento di pedone;Rettilineo;Una carreggiata a doppio senso;Asciutto;Acciotolata;Verticale ed orizzontale;Sereno;Scarso;Buona;Ore Diurne;1;0;0;1;;;-1;1;Motociclo a solo;In marcia / fermata / arresto;Conducente;M;Illeso;0;;Non accertato;Inesistente
1934170;16;23/01/2013 17:40;Strada Urbana;VIA DI BRAVETTA;in prossimità;;del civico n. ;12;;Investimento di pedone;Rettilineo;Una carreggiata a doppio senso;Bagnato (pioggia);Asfaltata;Verticale ed orizzontale;Pioggia in atto;Scarso;Sufficiente;Sufficiente;1;0;1;0;;;-1;;;;Pedone;M;Prognosi riservata;0;DECEDUTO ENTRO 6 MESI;;
1934170;16;23/01/2013 17:40;Strada Urbana;VIA DI BRAVETTA;in prossimità;;del civico n. ;12;;Investimento di pedone;Rettilineo;Una carreggiata a doppio senso;Bagnato (pioggia);Asfaltata;Verticale ed orizzontale;Pioggia in atto;Scarso;Sufficiente;Sufficiente;1;0;1;0;;;-1;1;Motociclo a solo;In marcia / fermata / arresto;Conducente;M;Rimandato;0;NON DECEDUTO;Non accertato;Inesistente
1934171;7;25/01/2013 03:35;Statale entro l'abitato;VIA CASILINA;all'intersezione con;VIALE DELLA PRIMAVERA;VIALE DELLA PRIMAVERA;;;Veicolo in marcia contro ostacolo fisso;Intersezione semaforizzata;Più di due carreggiate;Asciutto;Asfaltata;Verticale ed orizzontale;Sereno;Scarso;Sufficiente;Sufficiente;0;0;0;1;;;-1;1;Autovettura privata;In marcia / fermata / arresto;Conducente;M;Illeso;0;;Non accertato;Inesistente
1934172;17;27/01/2013 19:05;Strada Urbana;VIA GIUSEPPE DI BARTOLO;all'intersezione con;VIA ANASTASIO II;VIA ANASTASIO II;;;Tamponamento;Intersezione stradale segnalata;Una carreggiata a doppio senso;Asciutto;Asfaltata;Verticale ed orizzontale;Sereno;Scarso;Buona;Sufficiente;0;0;0;3;;;-1;1;Autovettura privata;In marcia / fermata / arresto;Conducente;M;Illeso;0;;Non accertato;Inesistente
1934172;17;27/01/2013 19:05;Strada Urbana;VIA GIUSEPPE DI BARTOLO;all'intersezione con;VIA ANASTASIO II;VIA ANASTASIO II;;;Tamponamento;Intersezione stradale segnalata;Una carreggiata a doppio senso;Asciutto;Asfaltata;Verticale ed orizzontale;Sereno;Scarso;Buona;Sufficiente;0;0;0;3;;;-1;1;Autovettura privata;In marcia / fermata / arresto;Passeggero;F;Illeso;0;;Non accertato;
1934172;17;27/01/2013 19:05;Strada Urbana;VIA GIUSEPPE DI BARTOLO;all'intersezione con;VIA ANASTASIO II;VIA ANASTASIO II;;;Tamponamento;Intersezione stradale segnalata;Una carreggiata a doppio senso;Asciutto;Asfaltata;Verticale ed orizzontale;Sereno;Scarso;Buona;Sufficiente;0;0;0;3;;;-1;2;Autovettura privata;In marcia / fermata / arresto;Conducente;M;Illeso;0;;Non accertato;Inesistente
1934173;7;28/01/2013 08:10;Strada Urbana;VIA TOR DE' SCHIAVI;all'intersezione con;VIA DEI GERANI;VIA DEI GERANI;;;Scontro frontale/laterale DX fra veicoli in marcia;Intersezione stradale segnalata;Una carreggiata a doppio senso;Bagnato (pioggia);Asfaltata;Verticale ed orizzontale;Pioggia in atto;Normale;Buona;Ore Diurne;0;0;0;2;;;-1;1;Autovettura privata;In marcia / fermata / arresto;Conducente;M;Illeso;0;;Non accertato;Inesistente
1934173;7;28/01/2013 08:10;Strada Urbana;VIA TOR DE' SCHIAVI;all'intersezione con;VIA DEI GERANI;VIA DEI GERANI;;;Scontro frontale/laterale DX fra veicoli in marcia;Intersezione stradale segnalata;Una carreggiata a doppio senso;Bagnato (pioggia);Asfaltata;Verticale ed orizzontale;Pioggia in atto;Normale;Buona;Ore Diurne;0;0;0;2;;;-1;2;Autovettura privata;In marcia / fermata / arresto;Conducente;M;Illeso;0;;Non accertato;Inesistente
1934174;7;25/01/2013 09:15;Strada Urbana;VIA ANGELO VISCOGLIOSI;in prossimità;;del civico n. ;52;;Investimento di pedone;Curva a visuale libera;Una carreggiata a doppio senso;Asciutto;Asfaltata;Verticale ed orizzontale;Sereno;Normale;Buona;Ore Diurne;1;0;0;1;;;-1;;;;Pedone;F;Ricoverato;0;NON DECEDUTO;;
1934174;7;25/01/2013 09:15;Strada Urbana;VIA ANGELO VISCOGLIOSI;in prossimità;;del civico n. ;52;;Investimento di pedone;Curva a visuale libera;Una carreggiata a doppio senso;Asciutto;Asfaltata;Verticale ed orizzontale;Sereno;Normale;Buona;Ore Diurne;1;0;0;1;;;-1;1;Autovettura privata;In marcia / fermata / arresto;Conducente;F;Illeso;0;;Non accertato;Inesploso
1934175;1;26/01/2013 13:20;Strada Urbana;PIAZZA VENEZIA;da specificare;;;;FRONTE ALTARE DELLA PATRIA ;Scontro frontale/laterale DX fra veicoli in marcia;Rotatoria;Una carreggiata a senso unico di marcia;Asciutto;In cubetti di porfido;Verticale;Sereno;Intenso;Buona;Ore Diurne;2;0;0;1;;;-1;1;Autovettura privata;In marcia / fermata / arresto;Conducente;M;Illeso;0;;Non accertato;Inesistente
1934175;1;26/01/2013 13:20;Strada Urbana;PIAZZA VENEZIA;da specificare;;;;FRONTE ALTARE DELLA PATRIA ;Scontro frontale/laterale DX fra veicoli in marcia;Rotatoria;Una carreggiata a senso unico di marcia;Asciutto;In cubetti di porfido;Verticale;Sereno;Intenso;Buona;Ore Diurne;2;0;0;1;;;-1;2;Motociclo con passeggero;In marcia / fermata / arresto;Conducente;F;Rifiuta cure immediate;0;NON DECEDUTO;Non accertato;Inesistente
1934175;1;26/01/2013 13:20;Strada Urbana;PIAZZA VENEZIA;da specificare;;;;FRONTE ALTARE DELLA PATRIA ;Scontro frontale/laterale DX fra veicoli in marcia;Rotatoria;Una carreggiata a senso unico di marcia;Asciutto;In cubetti di porfido;Verticale;Sereno;Intenso;Buona;Ore Diurne;2;0;0;1;;;-1;2;Motociclo con passeggero;In marcia / fermata / arresto;Passeggero;M;Rifiuta cure immediate;0;NON DECEDUTO;Non accertato;Inesistente
1934176;12;26/01/2013 17:15;Provinciale;VIA ARDEATINA;da specificare;;;;altezza km 20.000;Scontro frontale/laterale DX fra veicoli in marcia;Rettilineo;Una carreggiata a doppio senso;Asciutto;Asfaltata;Verticale ed orizzontale;Sereno;Scarso;Buona;Ore Diurne;0;0;0;2;;;-1;1;Autovettura privata;In marcia / fermata / arresto;Conducente;M;Illeso;0;;Utilizzato;Inesploso
1934176;12;26/01/2013 17:15;Provinciale;VIA ARDEATINA;da specificare;;;;altezza km 20.000;Scontro frontale/laterale DX fra veicoli in marcia;Rettilineo;Una carreggiata a doppio senso;Asciutto;Asfaltata;Verticale ed orizzontale;Sereno;Scarso;Buona;Ore Diurne;0;0;0;2;;;-1;2;Autovettura privata;In marcia / fermata / arresto;Conducente;M;Illeso;0;;Utilizzato;Inesploso
1934177;7;27/01/2013 19:30;Strada Urbana;VIALE PALMIRO TOGLIATTI;da specificare;;;;altezza viale Romanisti;Tamponamento;Rettilineo;Una carreggiata a senso unico di marcia;Asciutto;Asfaltata;Assente;Sereno;Normale;Buona;Sufficiente;0;0;0;3;;;-1;1;Autovettura privata;In marcia / fermata / arresto;Conducente;M;Illeso;0;;Non accertato;Inesistente
1934177;7;27/01/2013 19:30;Strada Urbana;VIALE PALMIRO TOGLIATTI;da specificare;;;;altezza viale Romanisti;Tamponamento;Rettilineo;Una carreggiata a senso unico di marcia;Asciutto;Asfaltata;Assente;Sereno;Normale;Buona;Sufficiente;0;0;0;3;;;-1;2;Autovettura privata;In marcia / fermata / arresto;Conducente;M;Illeso;0;;Non accertato;Inesistente
1934177;7;27/01/2013 19:30;Strada Urbana;VIALE PALMIRO TOGLIATTI;da specificare;;;;altezza viale Romanisti;Tamponamento;Rettilineo;Una carreggiata a senso unico di marcia;Asciutto;Asfaltata;Assente;Sereno;Normale;Buona;Sufficiente;0;0;0;3;;;-1;2;Autovettura privata;In marcia / fermata / arresto;Passeggero;M;Illeso;0;;Non accertato;Inesistente
1934178;1;26/01/2013 21:40;Strada Urbana;VIA DEI FORI IMPERIALI;all'intersezione semaforizzata con;LARGO CORRADO RICCI;LARGO CORRADO RICCI;;;Tamponamento;Intersezione semaforizzata;Una carreggiata a doppio senso;Asciutto;Acciotolata;Orizzontale;Sereno;Scarso;Sufficiente;Sufficiente;1;0;0;1;;;-1;1;Autovettura privata;In marcia / fermata / arresto;Conducente;M;Illeso;0;;Non accertato;Inesploso
1934178;1;26/01/2013 21:40;Strada Urbana;VIA DEI FORI IMPERIALI;all'intersezione semaforizzata con;LARGO CORRADO RICCI;LARGO CORRADO RICCI;;;Tamponamento;Intersezione semaforizzata;Una carreggiata a doppio senso;Asciutto;Acciotolata;Orizzontale;Sereno;Scarso;Sufficiente;Sufficiente;1;0;0;1;;;-1;2;Motociclo a solo;In marcia / fermata / arresto;Conducente;M;Rifiuta cure immediate;0;NON DECEDUTO;Non accertato;Inesistente
1934179;3;25/01/2013 13:10;Strada Urbana;PIAZZA SALERNO;in prossimità;;del civico n. ;6;;Scontro laterale fra veicoli in marcia;Rotatoria;Una carreggiata a senso unico di marcia;Asciutto;Asfaltata;Verticale ed orizzontale;Sereno;Intenso;Buona;Ore Diurne;0;0;0;3;;;-1;1;Autovettura privata;In marcia / fermata / arresto;Conducente;M;Illeso;0;;Non accertato;Inesistente
1934179;3;25/01/2013 13:10;Strada Urbana;PIAZZA SALERNO;in prossimità;;del civico n. ;6;;Scontro laterale fra veicoli in marcia;Rotatoria;Una carreggiata a senso unico di marcia;Asciutto;Asfaltata;Verticale ed orizzontale;Sereno;Intenso;Buona;Ore Diurne;0;0;0;3;;;-1;2;Autobus turistico;In marcia / fermata / arresto;Conducente;M;Illeso;0;;Non accertato;Inesistente
1934179;3;25/01/2013 13:10;Strada Urbana;PIAZZA SALERNO;in prossimità;;del civico n. ;6;;Scontro laterale fra veicoli in marcia;Rotatoria;Una carreggiata a senso unico di marcia;Asciutto;Asfaltata;Verticale ed orizzontale;Sereno;Intenso;Buona;Ore Diurne;0;0;0;3;;;-1;2;Autobus turistico;In marcia / fermata / arresto;Passeggero;M;Illeso;0;;Non accertato;Inesploso
1934180;18;28/01/2013 08:30;Strada Urbana;VIA AURELIA;da specificare;;;;altezza Via Alberico da Rosate;Scontro laterale fra veicoli in marcia;Rettilineo;Una carreggiata a doppio senso;Bagnato (pioggia);Asfaltata;Verticale ed orizzontale;Pioggia in atto;Normale;Buona;Ore Diurne;1;0;0;4;;;-1;1;Autocarro inferiore 35 q.;In marcia / fermata / arresto;Conducente;M;Illeso;0;;Non accertato;Inesistente
1934180;18;28/01/2013 08:30;Strada Urbana;VIA AURELIA;da specificare;;;;altezza Via Alberico da Rosate;Scontro laterale fra veicoli in marcia;Rettilineo;Una carreggiata a doppio senso;Bagnato (pioggia);Asfaltata;Verticale ed orizzontale;Pioggia in atto;Normale;Buona;Ore Diurne;1;0;0;4;;;-1;2;Motociclo a solo;In marcia / fermata / arresto;Conducente;M;Rifiuta cure immediate;0;NON DECEDUTO;Non accertato;Inesistente
1934180;18;28/01/2013 08:30;Strada Urbana;VIA AURELIA;da specificare;;;;altezza Via Alberico da Rosate;Scontro laterale fra veicoli in marcia;Rettilineo;Una carreggiata a doppio senso;Bagnato (pioggia);Asfaltata;Verticale ed orizzontale;Pioggia in atto;Normale;Buona;Ore Diurne;1;0;0;4;;;-1;3;Autovettura di polizia;In marcia / fermata / arresto;Conducente;M;Illeso;0;;Non accertato;Inesistente
1934180;18;28/01/2013 08:30;Strada Urbana;VIA AURELIA;da specificare;;;;altezza Via Alberico da Rosate;Scontro laterale fra veicoli in marcia;Rettilineo;Una carreggiata a doppio senso;Bagnato (pioggia);Asfaltata;Verticale ed orizzontale;Pioggia in atto;Normale;Buona;Ore Diurne;1;0;0;4;;;-1;3;Autovettura di polizia;In marcia / fermata / arresto;Passeggero;M;Illeso;0;;Non accertato;Inesistente
1934180;18;28/01/2013 08:30;Strada Urbana;VIA AURELIA;da specificare;;;;altezza Via Alberico da Rosate;Scontro laterale fra veicoli in marcia;Rettilineo;Una carreggiata a doppio senso;Bagnato (pioggia);Asfaltata;Verticale ed orizzontale;Pioggia in atto;Normale;Buona;Ore Diurne;1;0;0;4;;;-1;4;Autovettura privata;In marcia / fermata / arresto;Conducente;M;Illeso;0;;Non accertato;Inesploso
1934181;3;25/01/2013 16:30;Strada Urbana;VIALE DEL POLICLINICO;in prossimità;;del civico n. ;153;;Scontro laterale fra veicoli in marcia;Rettilineo;Più di due carreggiate;Asciutto;Asfaltata;Verticale;Sereno;Scarso;Buona;Sufficiente;2;0;0;1;;;-1;1;Motociclo con passeggero;In marcia / fermata / arresto;Conducente;M;Rimandato;0;NON DECEDUTO;Non accertato;Inesistente
1934181;3;25/01/2013 16:30;Strada Urbana;VIALE DEL POLICLINICO;in prossimità;;del civico n. ;153;;Scontro laterale fra veicoli in marcia;Rettilineo;Più di due carreggiate;Asciutto;Asfaltata;Verticale;Sereno;Scarso;Buona;Sufficiente;2;0;0;1;;;-1;1;Motociclo con passeggero;In marcia / fermata / arresto;Passeggero;M;Rimandato;0;NON DECEDUTO;Non accertato;Inesistente
1934181;3;25/01/2013 16:30;Strada Urbana;VIALE DEL POLICLINICO;in prossimità;;del civico n. ;153;;Scontro laterale fra veicoli in marcia;Rettilineo;Più di due carreggiate;Asciutto;Asfaltata;Verticale;Sereno;Scarso;Buona;Sufficiente;2;0;0;1;;;-1;2;Autovettura privata;In marcia / fermata / arresto;Conducente;M;Illeso;0;;Non accertato;Inesploso
1934182;18;25/01/2013 13:45;Strada Urbana;VIA GREGORIO VII;in corrispondenza;;del civico n. ;1;;Veicolo in marcia contro ostacolo accidentale;Rettilineo;Più di due carreggiate;Asciutto;Asfaltata;Verticale ed orizzontale;Sereno;Scarso;Buona;Ore Diurne;0;0;0;1;;;-1;1;Autovettura pubblica;In marcia / fermata / arresto;Conducente;M;Illeso;0;;Non accertato;Inesploso
1934183;3;26/01/2013 11:35;Altra strada;PIAZZALE DEL VERANO;da specificare;;;;INTERNO CIMITERO RIQ. 10-11-14-15;Scontro frontale/laterale SX fra veicoli in marcia;Rettilineo;Una carreggiata a doppio senso;Asciutto;Asfaltata;Assente;Sereno;Scarso;Buona;Ore Diurne;0;0;0;2;;;-1;1;Autovettura privata;In marcia / fermata / arresto;Conducente;M;Illeso;0;;Utilizzato;Inesistente
1934183;3;26/01/2013 11:35;Altra strada;PIAZZALE DEL VERANO;da specificare;;;;INTERNO CIMITERO RIQ. 10-11-14-15;Scontro frontale/laterale SX fra veicoli in marcia;Rettilineo;Una carreggiata a doppio senso;Asciutto;Asfaltata;Assente;Sereno;Scarso;Buona;Ore Diurne;0;0;0;2;;;-1;2;Autovettura privata;In marcia / fermata / arresto;Conducente;M;Illeso;0;;Utilizzato;Inesistente
1934184;12;26/01/2013 01:05;Strada Urbana;VIA DEL COLLETTORE PRIMARIO;da specificare;;;;prossimità civico 85;Veicolo in marcia contro ostacolo accidentale;Rettilineo;Una carreggiata a doppio senso;Asciutto;Asfaltata;Assente;Sereno;Scarso;Buona;Sufficiente;0;0;0;4;;;-1;1;Autovettura privata;In marcia / fermata / arresto;Conducente;M;Illeso;0;;Utilizzato;Inesploso
1934184;12;26/01/2013 01:05;Strada Urbana;VIA DEL COLLETTORE PRIMARIO;da specificare;;;;prossimità civico 85;Veicolo in marcia contro ostacolo accidentale;Rettilineo;Una carreggiata a doppio senso;Asciutto;Asfaltata;Assente;Sereno;Scarso;Buona;Sufficiente;0;0;0;4;;;-1;1;Autovettura privata;In marcia / fermata / arresto;Passeggero;F;Illeso;0;;Utilizzato;Inesploso
1934184;12;26/01/2013 01:05;Strada Urbana;VIA DEL COLLETTORE PRIMARIO;da specificare;;;;prossimità civico 85;Veicolo in marcia contro ostacolo accidentale;Rettilineo;Una carreggiata a doppio senso;Asciutto;Asfaltata;Assente;Sereno;Scarso;Buona;Sufficiente;0;0;0;4;;;-1;1;Autovettura privata;In marcia / fermata / arresto;Passeggero;M;Illeso;0;;Utilizzato;Inesploso
1934184;12;26/01/2013 01:05;Strada Urbana;VIA DEL COLLETTORE PRIMARIO;da specificare;;;;prossimità civico 85;Veicolo in marcia contro ostacolo accidentale;Rettilineo;Una carreggiata a doppio senso;Asciutto;Asfaltata;Assente;Sereno;Scarso;Buona;Sufficiente;0;0;0;4;;;-1;1;Autovettura privata;In marcia / fermata / arresto;Passeggero;M;Illeso;0;;Utilizzato;Inesploso
1934185;12;27/01/2013 11:25;Provinciale entro l'abitato;VIA LAURENTINA;da specificare;;;;altezza Municipio XII - dir. G.R.A;Tamponamento Multiplo;Rettilineo;Due carreggiate;Asciutto;Asfaltata;Verticale ed orizzontale;Sereno;Scarso;Buona;Ore Diurne;0;0;0;4;;;-1;1;Autovettura privata;In marcia / fermata / arresto;Conducente;M;Illeso;0;;Utilizzato;Inesistente
1934185;12;27/01/2013 11:25;Provinciale entro l'abitato;VIA LAURENTINA;da specificare;;;;altezza Municipio XII - dir. G.R.A;Tamponamento Multiplo;Rettilineo;Due carreggiate;Asciutto;Asfaltata;Verticale ed orizzontale;Sereno;Scarso;Buona;Ore Diurne;0;0;0;4;;;-1;2;Autovettura privata;In marcia / fermata / arresto;Conducente;M;Illeso;0;;Utilizzato;Inesistente
1934185;12;27/01/2013 11:25;Provinciale entro l'abitato;VIA LAURENTINA;da specificare;;;;altezza Municipio XII - dir. G.R.A;Tamponamento Multiplo;Rettilineo;Due carreggiate;Asciutto;Asfaltata;Verticale ed orizzontale;Sereno;Scarso;Buona;Ore Diurne;0;0;0;4;;;-1;2;Autovettura privata;In marcia / fermata / arresto;Passeggero;F;Illeso;0;;Utilizzato;Inesploso
1934185;12;27/01/2013 11:25;Provinciale entro l'abitato;VIA LAURENTINA;da specificare;;;;altezza Municipio XII - dir. G.R.A;Tamponamento Multiplo;Rettilineo;Due carreggiate;Asciutto;Asfaltata;Verticale ed orizzontale;Sereno;Scarso;Buona;Ore Diurne;0;0;0;4;;;-1;3;Autovettura privata;In marcia / fermata / arresto;Conducente;M;Illeso;0;;Utilizzato;Inesploso
1934186;3;28/01/2013 02:15;Strada Urbana;CORSO D'ITALIA;da specificare;;;;uscita policlinico dir. castro pretorio;Veicolo in marcia contro ostacolo fisso;Sottopasso illuminato;Una carreggiata a senso unico di marcia;Asciutto;Asfaltata;Verticale ed orizzontale;Sereno;Scarso;Buona;Sufficiente;0;0;0;2;;;-1;1;Autovettura privata;In marcia / fermata / arresto;Conducente;M;Illeso;0;;Non accertato;Esploso
1934186;3;28/01/2013 02:15;Strada Urbana;CORSO D'ITALIA;da specificare;;;;uscita policlinico dir. castro pretorio;Veicolo in marcia contro ostacolo fisso;Sottopasso illuminato;Una carreggiata a senso unico di marcia;Asciutto;Asfaltata;Verticale ed orizzontale;Sereno;Scarso;Buona;Sufficiente;0;0;0;2;;;-1;1;Autovettura privata;In marcia / fermata / arresto;Passeggero;M;Illeso;0;;Non accertato;Esploso
1934187;12;26/01/2013 22:00;Provinciale;VIA DELLA STAZIONE DI PAVONA;all'intersezione con;VIA DEGLI AGROSTEMMI;VIA DEGLI AGROSTEMMI;;;Veicolo in marcia contro ostacolo accidentale;Intersezione non regolata/non segnalata;Una carreggiata a doppio senso;Asciutto;Con buche;Verticale ed orizzontale;Sereno;Scarso;Insufficiente;Inesistente;0;0;0;2;;;-1;1;Autovettura privata;In marcia / fermata / arresto;Conducente;M;Illeso;0;;Utilizzato;Inesistente
1934187;12;26/01/2013 22:00;Provinciale;VIA DELLA STAZIONE DI PAVONA;all'intersezione con;VIA DEGLI AGROSTEMMI;VIA DEGLI AGROSTEMMI;;;Veicolo in marcia contro ostacolo accidentale;Intersezione non regolata/non segnalata;Una carreggiata a doppio senso;Asciutto;Con buche;Verticale ed orizzontale;Sereno;Scarso;Insufficiente;Inesistente;0;0;0;2;;;-1;1;Autovettura privata;In marcia / fermata / arresto;Passeggero;M;Illeso;0;;Utilizzato;Inesistente
1934188;3;26/01/2013 15:00;Strada Urbana;PIAZZALE DEL VERANO;da specificare;;;; interno cimitero verano riquadro 13 e 14;Scontro laterale fra veicoli in marcia;Rettilineo;Una carreggiata a doppio senso;Asciutto;Asfaltata;Assente;Sereno;Scarso;Buona;Ore Diurne;0;0;0;3;;;-1;1;Autovettura privata;In marcia / fermata / arresto;Conducente;M;Illeso;0;;Utilizzato;Inesistente
1934188;3;26/01/2013 15:00;Strada Urbana;PIAZZALE DEL VERANO;da specificare;;;; interno cimitero verano riquadro 13 e 14;Scontro laterale fra veicoli in marcia;Rettilineo;Una carreggiata a doppio senso;Asciutto;Asfaltata;Assente;Sereno;Scarso;Buona;Ore Diurne;0;0;0;3;;;-1;1;Autovettura privata;In marcia / fermata / arresto;Passeggero;F;Illeso;0;;Utilizzato;Inesistente
1934188;3;26/01/2013 15:00;Strada Urbana;PIAZZALE DEL VERANO;da specificare;;;; interno cimitero verano riquadro 13 e 14;Scontro laterale fra veicoli in marcia;Rettilineo;Una carreggiata a doppio senso;Asciutto;Asfaltata;Assente;Sereno;Scarso;Buona;Ore Diurne;0;0;0;3;;;-1;2;Autovettura privata;In marcia / fermata / arresto;Conducente;M;Illeso;0;;Utilizzato;Inesistente
1934189;1;27/01/2013 02:45;Strada Urbana;VIA RAFFAELE PERSICHETTI;all'intersezione semaforizzata con;PIAZZALE OSTIENSE;PIAZZALE OSTIENSE;;;Scontro laterale fra veicoli in marcia;Intersezione semaforizzata;Più di due carreggiate;Asciutto;Asfaltata;Verticale ed orizzontale;Sereno;Normale;Buona;Sufficiente;0;0;0;9;;;-1;1;Autovettura privata;In marcia / fermata / arresto;Conducente;M;Illeso;0;;Non accertato;Inesistente
1934189;1;27/01/2013 02:45;Strada Urbana;VIA RAFFAELE PERSICHETTI;all'intersezione semaforizzata con;PIAZZALE OSTIENSE;PIAZZALE OSTIENSE;;;Scontro laterale fra veicoli in marcia;Intersezione semaforizzata;Più di due carreggiate;Asciutto;Asfaltata;Verticale ed orizzontale;Sereno;Normale;Buona;Sufficiente;0;0;0;9;;;-1;1;Autovettura privata;In marcia / fermata / arresto;Passeggero;F;Illeso;0;;Non accertato;Inesistente
1934189;1;27/01/2013 02:45;Strada Urbana;VIA RAFFAELE PERSICHETTI;all'intersezione semaforizzata con;PIAZZALE OSTIENSE;PIAZZALE OSTIENSE;;;Scontro laterale fra veicoli in marcia;Intersezione semaforizzata;Più di due carreggiate;Asciutto;Asfaltata;Verticale ed orizzontale;Sereno;Normale;Buona;Sufficiente;0;0;0;9;;;-1;1;Autovettura privata;In marcia / fermata / arresto;Passeggero;M;Illeso;0;;Non accertato;Inesistente
1934189;1;27/01/2013 02:45;Strada Urbana;VIA RAFFAELE PERSICHETTI;all'intersezione semaforizzata con;PIAZZALE OSTIENSE;PIAZZALE OSTIENSE;;;Scontro laterale fra veicoli in marcia;Intersezione semaforizzata;Più di due carreggiate;Asciutto;Asfaltata;Verticale ed orizzontale;Sereno;Normale;Buona;Sufficiente;0;0;0;9;;;-1;1;Autovettura privata;In marcia / fermata / arresto;Passeggero;M;Illeso;0;;Non accertato;Inesistente
1934189;1;27/01/2013 02:45;Strada Urbana;VIA RAFFAELE PERSICHETTI;all'intersezione semaforizzata con;PIAZZALE OSTIENSE;PIAZZALE OSTIENSE;;;Scontro laterale fra veicoli in marcia;Intersezione semaforizzata;Più di due carreggiate;Asciutto;Asfaltata;Verticale ed orizzontale;Sereno;Normale;Buona;Sufficiente;0;0;0;9;;;-1;1;Autovettura privata;In marcia / fermata / arresto;Passeggero;M;Illeso;0;;Non accertato;Inesistente
1934189;1;27/01/2013 02:45;Strada Urbana;VIA RAFFAELE PERSICHETTI;all'intersezione semaforizzata con;PIAZZALE OSTIENSE;PIAZZALE OSTIENSE;;;Scontro laterale fra veicoli in marcia;Intersezione semaforizzata;Più di due carreggiate;Asciutto;Asfaltata;Verticale ed orizzontale;Sereno;Normale;Buona;Sufficiente;0;0;0;9;;;-1;2;Autovettura privata;In marcia / fermata / arresto;Conducente;M;Illeso;0;;Non accertato;Inesistente
1934189;1;27/01/2013 02:45;Strada Urbana;VIA RAFFAELE PERSICHETTI;all'intersezione semaforizzata con;PIAZZALE OSTIENSE;PIAZZALE OSTIENSE;;;Scontro laterale fra veicoli in marcia;Intersezione semaforizzata;Più di due carreggiate;Asciutto;Asfaltata;Verticale ed orizzontale;Sereno;Normale;Buona;Sufficiente;0;0;0;9;;;-1;2;Autovettura privata;In marcia / fermata / arresto;Passeggero;M;Illeso;0;;Non accertato;Inesistente